Title,Company Name,Location,Salary,Job Type,Catagory,Last Date To Apply,Page Link
Senior Full-stack Developer,Lemon.io,Not Anywhere in the World,Not Mentioned,Full-Time,Full-Stack Programming,"May 23th, 2026",https://weworkremotely.com/remote-jobs/lemon-io-senior-full-stack-developer-8
Software engineer,Sticker Mule,Not Anywhere in the World,"$100,000 or more USD",Full-Time,Full-Stack Programming,"May 22th, 2026",https://weworkremotely.com/remote-jobs/sticker-mule-software-engineer-2
Senior Technical Lead,Calibrate Group AI,Anywhere in the World,"$100,000 or more USD",Full-Time,Full-Stack Programming,"May 20th, 2026",https://weworkremotely.com/remote-jobs/calibrate-group-ai-senior-technical-lead
Product Engineer,SuperPlane,Anywhere in the World,Not Mentioned,Full-Time,Full-Stack Programming,"May 20th, 2026",https://weworkremotely.com/remote-jobs/superplane-product-engineer
Senior Enterprise Process Engineer,Toast,Not Anywhere in the World,"$100,000 or more USD",Full-Time,Full-Stack Programming,"May 16th, 2026",https://weworkremotely.com/remote-jobs/toast-senior-enterprise-process-engineer
Full-stack/Backend developers LLM focused.,CloudDevs,Anywhere in the World,"$50,000 - $74,999 USD",Contract,Full-Stack Programming,"May 7th, 2026",https://weworkremotely.com/remote-jobs/clouddevs-full-stack-backend-developers-llm-focused
Senior Software Engineer,WALTER,Anywhere in the World,"$50,000 - $74,999 USD",Full-Time,Full-Stack Programming,"Apr 29th, 2026",https://weworkremotely.com/remote-jobs/walter-senior-software-engineer
Project Manager,Spiralyze,Anywhere in the World,Not Mentioned,Full-Time,Management and Finance,"May 23th, 2026",https://weworkremotely.com/remote-jobs/spiralyze-project-manager
Business Analyst,Elite Software Automation,Anywhere in the World,"$100,000 or more USD",Full-Time,Management and Finance,"May 22th, 2026",https://weworkremotely.com/remote-jobs/elite-software-automation-business-analyst-2
Finance Expert - Portfolio Management,xAI,Anywhere in the World,"$100,000 or more USD",Full-Time,Management and Finance,"May 16th, 2026",https://weworkremotely.com/remote-jobs/xai-finance-expert-portfolio-management
Marketing Automation SaaS + Services Line of Business Owner,New Law Business Model,Anywhere in the World,Not Mentioned,Full-Time,Management and Finance,"May 22th, 2026",https://weworkremotely.com/remote-jobs/new-law-business-model-marketing-automation-saas-services-line-of-business-owner
Multi-Jurisdiction Accountant for an International Client Portfolio (Europe),Flag Theory,Not Anywhere in the World,Not Mentioned,Full-Time,Management and Finance,"May 10th, 2026",https://weworkremotely.com/remote-jobs/flag-theory-multi-jurisdiction-accountant-for-an-international-client-portfolio-europe
Chief Operating Officer (COO) / Growth GM,Prepterminal.com,Anywhere in the World,"$100,000 or more USD",Full-Time,Management and Finance,"May 3th, 2026",https://weworkremotely.com/remote-jobs/prepterminal-com-chief-operating-officer-coo-growth-gm
Online English Teacher,Native Camp,Anywhere in the World,Not Mentioned,Contract,All Other Remote,"May 23th, 2026",https://weworkremotely.com/remote-jobs/native-camp-online-english-teacher-32
Remote AI Training - $20/hr - United States,Remote Talent Cloud,Anywhere in the World,Not Mentioned,Contract,All Other Remote,"May 21th, 2026",https://weworkremotely.com/remote-jobs/remote-talent-cloud-remote-ai-training-20-hr-united-states
Digital Analytics Engineer (GA4 / GTM),We Work Remotely,Anywhere in the World,Not Mentioned,Contract,All Other Remote,"May 17th, 2026",https://weworkremotely.com/remote-jobs/we-work-remotely-digital-analytics-engineer-ga4-gtm
People Operations Coordinator - Global,AlphaSense,Not Anywhere in the World,Not Mentioned,Full-Time,All Other Remote,"May 16th, 2026",https://weworkremotely.com/remote-jobs/alphasense-people-operations-coordinator-global
Writing Specialist,xAI,Anywhere in the World,"$100,000 or more USD",Full-Time,All Other Remote,"May 16th, 2026",https://weworkremotely.com/remote-jobs/xai-writing-specialist
Senior Java Developer (Microservices),Toptal,Not Anywhere in the World,Not Mentioned,Contract,All Other Remote,"May 10th, 2026",https://weworkremotely.com/remote-jobs/toptal-senior-java-developer-microservices
Remote Data Entry Clerk,NoGigiddy,Anywhere in the World,Not Mentioned,Contract,All Other Remote,"May 10th, 2026",https://weworkremotely.com/remote-jobs/nogigiddy-remote-data-entry-clerk-7
Supply Chain Manager (LATAM),WALTER,Not Anywhere in the World,Not Mentioned,Full-Time,All Other Remote,"May 10th, 2026",https://weworkremotely.com/remote-jobs/walter-supply-chain-manager-latam
Freelance Writers | $75-$150/hr,Helix Recruit,Anywhere in the World,"$100,000 or more USD",Contract,All Other Remote,"May 10th, 2026",https://weworkremotely.com/remote-jobs/helix-recruit-freelance-writers-75-150-hr
Data Intern,GeoLogics,Anywhere in the World,Not Mentioned,Full-Time,All Other Remote,"May 8th, 2026",https://weworkremotely.com/remote-jobs/geologics-data-intern
"Crypto Trader (Remote, Full Training Provided)",Fox Global Assets Ltd,Anywhere in the World,"$50,000 - $74,999 USD",Contract,All Other Remote,"May 7th, 2026",https://weworkremotely.com/remote-jobs/fox-global-assets-ltd-crypto-trader-remote-full-training-provided
FT/PT Remote AI Prompt Engineering & Evaluation - Will Train,DataAnnotation.tech,North America Only,Not Mentioned,Contract,All Other Remote,"May 6th, 2026",https://weworkremotely.com/remote-jobs/dataannotation-tech-ft-pt-remote-ai-prompt-engineering-evaluation-will-train
Investor Onboarding Specialist – Private Equity Real Estate,WALTER,Anywhere in the World,Not Mentioned,Full-Time,All Other Remote,"May 4th, 2026",https://weworkremotely.com/remote-jobs/walter-investor-onboarding-specialist-private-equity-real-estate-1
Managing Editor,The Swiftest,Anywhere in the World,"$75,000 - $99,999 USD",Full-Time,All Other Remote,"May 4th, 2026",https://weworkremotely.com/remote-jobs/the-swiftest-managing-editor
Junior Crypto Analyst & Trader,White Bridge Ltd,Anywhere in the World,"$50,000 - $74,999 USD",Full-Time,All Other Remote,"May 2th, 2026",https://weworkremotely.com/remote-jobs/white-bridge-ltd-junior-crypto-analyst-trader-1
Student Representatives,EDUopinions,Anywhere in the World,Not Mentioned,Contract,All Other Remote,"May 1th, 2026",https://weworkremotely.com/remote-jobs/eduopinions-student-representatives-17
Native language editors,AE Virtual Class S.A,Anywhere in the World,Not Mentioned,Contract,All Other Remote,"Apr 26th, 2026",https://weworkremotely.com/remote-jobs/ae-virtual-class-s-a-native-language-editors
Freelance Writer,ProWriterSites,Anywhere in the World,Not Mentioned,Contract,All Other Remote,"Apr 23th, 2026",https://weworkremotely.com/remote-jobs/prowritersites-freelance-writer
Multilingual Audio Transcription Specialist (Film Dialogue),Toptal,Anywhere in the World,Not Mentioned,Contract,All Other Remote,"Apr 23th, 2026",https://weworkremotely.com/remote-jobs/toptal-multilingual-audio-transcription-specialist-film-dialogue
Operations software assistant,Bulldog Digital Media,Anywhere in the World,"$10,000 - $25,000 USD",Contract,All Other Remote,"May 22th, 2026",https://weworkremotely.com/remote-jobs/bulldog-digital-media-operations-software-assistant
Email Deliverability Specialist,MailerLite,Anywhere in the World,Not Mentioned,Full-Time,All Other Remote,"May 21th, 2026",https://weworkremotely.com/remote-jobs/mailerlite-email-deliverability-specialist
High-Paying Hourly Enrollment Specialist,VP Education Group,Anywhere in the World,"$50,000 - $74,999 USD",Full-Time,Sales and Marketing,"May 22th, 2026",https://weworkremotely.com/remote-jobs/vp-education-group-high-paying-hourly-enrollment-specialist
"Senior Product Marketing Manager, Pro Experience",LawnStarter,Anywhere in the World,Not Mentioned,Full-Time,Sales and Marketing,"May 17th, 2026",https://weworkremotely.com/remote-jobs/lawnstarter-senior-product-marketing-manager-pro-experience
Director of Paid Social & Video,LawnStarter,Anywhere in the World,Not Mentioned,Full-Time,Sales and Marketing,"May 17th, 2026",https://weworkremotely.com/remote-jobs/lawnstarter-director-of-paid-social-video
Sales Development Representative,Alaan,Not Anywhere in the World,Not Mentioned,Full-Time,Sales and Marketing,"May 16th, 2026",https://weworkremotely.com/remote-jobs/alaan-sales-development-representative
Business Expert - Marketing & Communications,xAI,Not Anywhere in the World,"$100,000 or more USD",Full-Time,Sales and Marketing,"May 16th, 2026",https://weworkremotely.com/remote-jobs/xai-business-expert-marketing-communications
Remote Sales Representative,Credit Joy,Anywhere in the World,Not Mentioned,Full-Time,Sales and Marketing,"May 15th, 2026",https://weworkremotely.com/remote-jobs/credit-joy-remote-sales-representative
Inside Sales - Account Executive,Credit Wellness LLC,Anywhere in the World,"$75,000 - $99,999 USD",Contract,Sales and Marketing,"May 13th, 2026",https://weworkremotely.com/remote-jobs/credit-wellness-llc-inside-sales-account-executive
Director of Sales – US Commercial Space,Kepler,Not Anywhere in the World,Not Mentioned,Full-Time,Sales and Marketing,"May 8th, 2026",https://weworkremotely.com/remote-jobs/kepler-director-of-sales-us-commercial-space
Head of Customer Success & Operations,Socialware,Anywhere in the World,"$50,000 - $74,999 USD",Full-Time,Sales and Marketing,"May 8th, 2026",https://weworkremotely.com/remote-jobs/socialware-head-of-customer-success-operations
Remote Sales - $20/hr - United States,Remote Talent Cloud,Anywhere in the World,Not Mentioned,Contract,Sales and Marketing,"May 7th, 2026",https://weworkremotely.com/remote-jobs/remote-talent-cloud-remote-sales-20-hr-united-states
Content Creator | Contra Labs Network,Contra,Anywhere in the World,Not Mentioned,Contract,Sales and Marketing,"May 4th, 2026",https://weworkremotely.com/remote-jobs/contra-content-creator-contra-labs-network
DACH Community Manager (Events),Binance,Not Anywhere in the World,Not Mentioned,Full-Time,Sales and Marketing,"May 2th, 2026",https://weworkremotely.com/remote-jobs/binance-dach-community-manager-events
Senior Engineer - Growth Marketing,Buffer,Anywhere in the World,"$100,000 or more USD",Full-Time,Sales and Marketing,"May 2th, 2026",https://weworkremotely.com/remote-jobs/buffer-senior-engineer-growth-marketing
Sales Appointment Setter,WALTER,Anywhere in the World,Not Mentioned,Full-Time,Sales and Marketing,"May 1th, 2026",https://weworkremotely.com/remote-jobs/walter-sales-appointment-setter
"Associate Head of Content, SEO",Animalz,Anywhere in the World,"$75,000 - $99,999 USD",Full-Time,Sales and Marketing,"Apr 26th, 2026",https://weworkremotely.com/remote-jobs/animalz-associate-head-of-content-seo
Affiliate Marketing Manager,Hello There Collective,Anywhere in the World,Not Mentioned,Full-Time,Sales and Marketing,"May 17th, 2026",https://weworkremotely.com/remote-jobs/hello-there-collective-affiliate-marketing-manager
"Marketing – Growth, Content & Acquisition",Everis,Anywhere in the World,"$75,000 - $99,999 USD",Full-Time,Sales and Marketing,"May 10th, 2026",https://weworkremotely.com/remote-jobs/everis-marketing-growth-content-acquisition
Senior DevOps Engineer,Lemon.io,Not Anywhere in the World,Not Mentioned,Full-Time,DevOps and Sysadmin,"May 15th, 2026",https://weworkremotely.com/remote-jobs/lemon-io-senior-devops-engineer-2
"QA Engineer - AI, Automation & Intelligent Testing",Secure Privacy,Anywhere in the World,Not Mentioned,Contract,DevOps and Sysadmin,"May 8th, 2026",https://weworkremotely.com/remote-jobs/secure-privacy-qa-engineer-ai-automation-intelligent-testing
Engineering Manager,Localize,Not Anywhere in the World,Not Mentioned,Full-Time,Product,"May 21th, 2026",https://weworkremotely.com/remote-jobs/localize-engineering-manager
Product Manager – Payments,Plaid,Anywhere in the World,Not Mentioned,Not Mentioned,Product,"May 22th, 2026",https://weworkremotely.com/remote-jobs/plaid-product-manager-payments
Remote Customer Support Representative - Travel & Booking Coordination,J & J Travel Excursions,Anywhere in the World,"$50,000 - $74,999 USD",Full-Time,Customer Support,"May 18th, 2026",https://weworkremotely.com/remote-jobs/j-j-travel-excursions-remote-customer-support-representative-travel-booking-coordination
Customer Success Associate,Alaan,Not Anywhere in the World,Not Mentioned,Full-Time,Customer Support,"May 16th, 2026",https://weworkremotely.com/remote-jobs/alaan-customer-success-associate
Remote Customer Support - $20/hr - United States,Remote Talent Cloud,Anywhere in the World,Not Mentioned,Contract,Customer Support,"May 13th, 2026",https://weworkremotely.com/remote-jobs/remote-talent-cloud-remote-customer-support-20-hr-united-states-4
"Live Technical Support Representative — Full-Time (40 hrs/week, Sat–Sun required) — $40,000/year + Benefits — Locations: USA",Porkbun,Not Anywhere in the World,"$25,000 - $48,999 USD",Full-Time,Customer Support,"May 12th, 2026",https://weworkremotely.com/remote-jobs/porkbun-live-technical-support-representative-full-time-40-hrs-week-sat-sun-required-40-000-year-benefits
"SaaS Product Specialist (German-speaking, EMEA)",Creative Force,Anywhere in the World,Not Mentioned,Full-Time,Customer Support,"May 7th, 2026",https://weworkremotely.com/remote-jobs/creative-force-saas-product-specialist-german-speaking-emea-2
Customer Support Agent (Remote),CRAE GROUP LTD,Not Anywhere in the World,"$10,000 - $25,000 USD",Full-Time,Customer Support,"May 4th, 2026",https://weworkremotely.com/remote-jobs/crae-group-ltd-customer-support-agent-remote
Technical Customer Support Specialist (French + English / EU Timezone),Crisp,Not Anywhere in the World,"$25,000 - $48,999 USD",Full-Time,Customer Support,"May 3th, 2026",https://weworkremotely.com/remote-jobs/crisp-technical-customer-support-specialist-french-english-eu-timezone
Customer Success Advisor (Part Time),TestGorilla,Not Anywhere in the World,Not Mentioned,Full-Time,Customer Support,"May 2th, 2026",https://weworkremotely.com/remote-jobs/testgorilla-customer-success-advisor-part-time
Copyeditor,J & P Co. Inc.,Not Anywhere in the World,Not Mentioned,Contract,Customer Support,"May 13th, 2026",https://weworkremotely.com/remote-jobs/j-p-co-inc-copyeditor
Customer Support Email Specialist,Giftly,Anywhere in the World,"$50,000 - $74,999 USD",Full-Time,Customer Support,"May 10th, 2026",https://weworkremotely.com/remote-jobs/giftly-customer-support-email-specialist
Senior ML Engineer,Chess.com,Anywhere in the World,Not Mentioned,Full-Time,Back-End Programming,"May 16th, 2026",https://weworkremotely.com/remote-jobs/chess-com-senior-ml-engineer
Senior QA Automation Engineer,Bjak,Not Anywhere in the World,Not Mentioned,Full-Time,Back-End Programming,"May 16th, 2026",https://weworkremotely.com/remote-jobs/bjak-senior-qa-automation-engineer
"Senior Machine Learning Engineer, Personalization",Spotify,Not Anywhere in the World,"$100,000 or more USD",Full-Time,Back-End Programming,"May 16th, 2026",https://weworkremotely.com/remote-jobs/spotify-senior-machine-learning-engineer-personalization
Applied AI Engineer (Automation),Fusemachines,Not Anywhere in the World,Not Mentioned,Full-Time,Back-End Programming,"May 16th, 2026",https://weworkremotely.com/remote-jobs/fusemachines-applied-ai-engineer-automation
Full Stack AI Engineer,Reveleer,Anywhere in the World,"$100,000 or more USD",Full-Time,Back-End Programming,"May 2th, 2026",https://weworkremotely.com/remote-jobs/reveleer-full-stack-ai-engineer
AI Research Engineer,Tether,Anywhere in the World,Not Mentioned,Full-Time,Back-End Programming,"May 2th, 2026",https://weworkremotely.com/remote-jobs/tether-ai-research-engineer
Senior Software Engineer,Cue,Not Anywhere in the World,"$100,000 or more USD",Full-Time,Back-End Programming,"Apr 24th, 2026",https://weworkremotely.com/remote-jobs/cue-senior-software-engineer
Senior Software Engineer - Backend/Python - USA Only (100% Remote),Close,Anywhere in the World,"$100,000 or more USD",Full-Time,Back-End Programming,"May 19th, 2026",https://weworkremotely.com/remote-jobs/close-senior-software-engineer-backend-python-usa-only-100-remote-1
Senior AI Engineer / Data Annotator,Lemon.io,Not Anywhere in the World,Not Mentioned,Full-Time,Back-End Programming,"May 10th, 2026",https://weworkremotely.com/remote-jobs/lemon-io-senior-ai-engineer-data-annotator
"Senior Software Engineer, Design Systems",Vanta,Not Anywhere in the World,"$100,000 or more USD",Full-Time,Front-End Programming,"May 16th, 2026",https://weworkremotely.com/remote-jobs/vanta-senior-software-engineer-design-systems
Staff Frontend Engineer,Notion,Anywhere in the World,Not Mentioned,Not Mentioned,Front-End Programming,"May 22th, 2026",https://weworkremotely.com/remote-jobs/notion-staff-frontend-engineer
"Software Engineer, iOS Core Product",Speechify Inc,Anywhere in the World,Not Mentioned,Full-Time,Front-End Programming,"May 5th, 2026",https://weworkremotely.com/remote-jobs/speechify-inc-software-engineer-ios-core-product
Senior Frontend Developer,Sanctuary Computer,Anywhere in the World,"$100,000 or more USD",Contract,Front-End Programming,"Apr 26th, 2026",https://weworkremotely.com/remote-jobs/sanctuary-computer-senior-frontend-developer-1
Graphic Designer | Contra Labs Network,Contra,Anywhere in the World,Not Mentioned,Contract,Design,"May 4th, 2026",https://weworkremotely.com/remote-jobs/contra-graphic-designer-contra-labs-network
Product Designer | Contra Labs Network,Contra,Anywhere in the World,Not Mentioned,Contract,Design,"Apr 26th, 2026",https://weworkremotely.com/remote-jobs/contra-product-designer-contra-labs-network
Brand Designer | Contra Labs Network,Contra,Anywhere in the World,Not Mentioned,Contract,Design,"Apr 26th, 2026",https://weworkremotely.com/remote-jobs/contra-brand-designer-contra-labs-network
Product Designer,Figma,Anywhere in the World,Not Mentioned,Not Mentioned,Design,"May 22th, 2026",https://weworkremotely.com/remote-jobs/figma-product-designer
After Effects Editor for Looping Animations,alexnerney.com,Anywhere in the World,Not Mentioned,Contract,Design,"May 15th, 2026",https://weworkremotely.com/remote-jobs/alexnerney-com-after-effects-editor-for-looping-animations
